{"train/loss": 5.3586, "train/learning_rate": 2.039323683873447e-05, "train/epoch": 0.32, "train/global_step": 2500, "_timestamp": 1700685108.6825135, "_runtime": 100.9985864162445, "_step": 4}