{"train/loss": 2.5812, "train/learning_rate": 2.6156802459646426e-05, "train/epoch": 0.13, "train/global_step": 500, "_timestamp": 1700690450.7409086, "_runtime": 3163.5985276699066, "_step": 0}